best_bid,best_ask,mid_price,res_price,micro_price,volatility,my_bid,my_ask,timestamp
10000,10016,10008.0,10008.0,10008.0,0.0,10001,10015,0
10000,10016,10008.0,10008.0,10008.0,0.0,10001,10015,100
10000,10016,10008.0,10008.0,10008.0,0.0,10001,10015,200
9996,10012,10004.0,10007.0,10004.0,1.7320508075688772,9997,10011,300
9995,10011,10003.0,10006.2,10003.0,2.227105745132009,9996,10010,400
9998,10014,10006.0,10006.166666666666,10006.0,2.034425935955617,9999,10013,500
9999,10015,10007.0,10006.285714285714,10007.0,1.905952009160905,10000,10014,600
9997,10013,10005.0,10006.125,10005.0,1.8328597873268975,9998,10012,700
9994,10010,10002.0,10005.666666666666,10002.0,2.160246899469287,9995,10009,800
9992,10008,10000.0,10005.1,10000.0,2.6627053911388696,9993,10007,900
9995,10011,10003.0,10004.90909090909,10003.0,2.609581835346786,9996,10010,1000
9997,10013,10005.0,10004.916666666666,10005.0,2.4986107250941583,9998,10012,1100
9994,10010,10002.0,10004.692307692309,10002.0,2.523264533362573,9995,10009,1200
10004,10013,10008.5,10004.964285714286,10008.289719626167,2.6217788788904217,10002,10012,1300
9999,10015,10007.0,10005.1,10007.0,2.583279569333009,10000,10014,1400
10002,10018,10010.0,10005.40625,10010.0,2.7682279417526297,10003,10017,1500
10001,10017,10009.0,10005.617647058823,10009.0,2.815552457358663,10002,10016,1600
10000,10008,10004.0,10005.527777777777,10004.220689655172,2.761200535104564,10001,10007,1700
9998,10014,10006.0,10005.552631578947,10006.0,2.689623026031838,9999,10013,1800
10001,10017,10009.0,10005.725,10009.0,2.7270634389394024,10002,10016,1900
10002,10018,10010.0,10005.92857142857,10010.0,2.812750366785211,10003,10017,2000
10006,10022,10014.0,10006.295454545454,10014.0,3.2215858986653356,10004,10021,2100
10006,10022,10014.0,10006.630434782608,10014.0,3.52079965998446,10004,10021,2200
10005,10021,10013.0,10006.895833333334,10013.0,3.6741755500006015,10004,10020,2300
10014,10023,10018.5,10007.36,10017.923076923076,4.257980742088907,10004,10022,2400
10006,10022,10014.0,10007.615384615385,10014.0,4.366189353138,10004,10021,2500
10007,10023,10015.0,10007.888888888889,10015.0,4.505826132442581,10004,10022,2600
10003,10019,10011.0,10008.0,10011.0,4.462142342610138,10004,10018,2700
10000,10016,10008.0,10008.0,10008.0,4.3845339468448055,10001,10015,2800
10004,10012,10008.0,10008.0,10008.239520958083,4.310839052125854,10005,10011,2900
10004,10020,10012.0,10008.129032258064,10012.0,4.299226753310271,10005,10019,3000
10004,10020,10012.0,10008.25,10012.0,4.284784125250653,10005,10019,3100
10005,10021,10013.0,10008.39393939394,10013.0,4.297211174135475,10005,10020,3200
10006,10022,10014.0,10008.558823529413,10014.0,4.3382103688217155,10005,10021,3300
10006,10022,10014.0,10008.714285714286,10014.0,4.3708216198619985,10005,10021,3400
10008,10024,10016.0,10008.916666666666,10016.0,4.472912300106548,10005,10023,3500
10005,10021,10013.0,10009.027027027027,10013.0,4.461465560240882,10006,10020,3600
10002,10018,10010.0,10009.052631578947,10010.0,4.405124817044303,10003,10017,3700
10003,10019,10011.0,10009.102564102564,10011.0,4.359162891850421,10004,10018,3800
10005,10021,10013.0,10009.2,10013.0,4.347125487031632,10006,10020,3900
10004,10020,10012.0,10009.268292682927,10012.0,4.315453740628839,10005,10019,4000
10005,10021,10013.0,10009.357142857143,10013.0,4.301558015480463,10006,10020,4100
10004,10020,10012.0,10009.418604651162,10012.0,4.269864973299615,10005,10019,4200
10009,10025,10017.0,10009.59090909091,10017.0,4.369669125284294,10006,10024,4300
10012,10028,10020.0,10009.822222222223,10020.0,4.58518817686733,10006,10027,4400
10010,10026,10018.0,10010.131934782608,10018.0,4.689256917122649,10007,10025,4500
10015,10024,10019.5,10010.3425314622,10019.5,4.837420156543886,10007,10023,4600
10006,10022,10014.0,10010.420494140624,10014.0,4.817401454190146,10007,10021,4700
10009,10025,10017.0,10010.560184506454,10017.0,4.861706825057567,10007,10024,4800
10012,10028,10020.0,10010.7597774,10020.0,4.996288622567755,10007,10027,4900
10011,10027,10019.0,10010.98495963091,10019.0,5.081988306938994,10006,10026,5000
10012,10028,10020.0,10011.231611131656,10020.0,5.189912196701159,10007,10027,5100
10015,10031,10023.0,10011.544684585262,10023.0,5.395748098605959,10007,10030,5200
10016,10032,10024.0,10011.959375,10024.0,5.618051263561058,10007,10031,5300
10017,10033,10025.0,10012.415693884297,10025.0,5.855110080057146,10008,10032,5400
10014,10030,10022.0,10012.743263552296,10022.0,5.9618726405931435,10008,10029,5500
10012,10028,10020.0,10013.006394275162,10020.0,6.005473547267639,10009,10027,5600
10014,10030,10022.0,10013.352847651604,10022.0,6.094364221765765,10009,10029,5700
10014,10030,10022.0,10013.758742889975,10022.0,6.174448558024506,10009,10029,5800
10013,10029,10021.0,10014.18232125,10021.0,6.2225564146364585,10010,10028,5900
10011,10027,10019.0,10014.502631819403,10019.0,6.2267142138181,10010,10026,6000
10009,10025,10017.0,10014.740738163371,10017.0,6.201319259795827,10010,10024,6100
10009,10025,10017.0,10015.038846560847,10017.0,6.175847591580187,10010,10024,6200
10007,10023,10015.0,10015.16574963379,10015.0,6.133917097976117,10008,10022,6300
10008,10024,10016.0,10015.343231952664,10016.0,6.099616827620157,10009,10023,6400
10010,10026,10018.0,10015.502263429753,10018.0,6.086370425687027,10011,10025,6500
10008,10024,10016.0,10015.639801292047,10016.0,6.052565462226555,10009,10023,6600
10007,10023,10015.0,10015.85694041955,10015.0,6.013047196862462,10008,10022,6700
10007,10023,10015.0,10016.034151858852,10015.0,5.974276230266755,10008,10022,6800
10004,10020,10012.0,10016.091175816326,10012.0,5.932619100174483,10005,10020,6900
10003,10019,10011.0,10016.108527673081,10011.0,5.895304248308392,10004,10020,7000
10006,10022,10014.0,10016.10572193287,10014.0,5.855509270057421,10007,10021,7100
10007,10023,10015.0,10016.123239444549,10015.0,5.820072229630486,10008,10022,7200
10008,10024,10016.0,10016.181216124909,10016.0,5.791029340118682,10009,10023,7300
10012,10028,10020.0,10016.212363733333,10020.0,5.8075200291422915,10012,10027,7400
10010,10026,10018.0,10016.291551333103,10018.0,5.795851003124175,10011,10025,7500
10008,10024,10016.0,10016.309540731996,10016.0,5.766869919278532,10009,10023,7600
10007,10023,10015.0,10016.387221153847,10015.0,5.733253204568268,10008,10022,7700
10008,10024,10016.0,10016.545291780163,10016.0,5.705140666735504,10009,10023,7800
10007,10023,10015.0,10016.683068515626,10015.0,5.672573131965775,10008,10022,7900
10006,10022,10014.0,10016.72072016461,10014.0,5.637968969541151,10007,10021,8000
10008,10024,10016.0,10016.798915452113,10016.0,5.611230585647534,10009,10023,8100
10009,10025,10017.0,10016.72126535056,10017.0,5.5915427709051775,10010,10024,8200
10009,10025,10017.0,10016.781046308106,10017.0,5.5719214016868515,10010,10024,8300
10008,10024,10016.0,10016.820757577856,10016.0,5.545951483259773,10009,10023,8400
10006,10022,10014.0,10016.780403224717,10014.0,5.513911924946094,10007,10021,8500
10006,10022,10014.0,10016.800056942793,10014.0,5.482421252783421,10007,10021,8600
10006,10022,10014.0,10016.879718459453,10014.0,5.451463973326738,10007,10021,8700
10002,10018,10010.0,10016.859519315743,10010.0,5.43316811289341,10003,10020,8800
10001,10017,10009.0,10016.77940830247,10009.0,5.422942233615974,10002,10020,8900
10002,10018,10010.0,10016.739210361067,10010.0,5.404661050195833,10003,10020,9000
10003,10019,10011.0,10016.698952593337,10011.0,5.380761408619037,10004,10020,9100
10002,10018,10010.0,10016.658759336338,10010.0,5.36277319485555,10003,10020,9200
9999,10015,10007.0,10016.458870557944,10007.0,5.373132972928492,10000,10020,9300
9997,10013,10005.0,10016.159271911356,10005.0,5.410352239673561,9998,10020,9400
9996,10012,10004.0,10015.8798285319,10004.0,5.46155032028834,9997,10019,9500
9994,10010,10002.0,10015.530766128175,10002.0,5.5467222911510055,9995,10019,9600
9993,10009,10001.0,10015.271890384214,10001.0,5.647157179936686,9994,10019,9700
9991,10007,9999.0,10014.913475563717,9999.0,5.785807093050023,9992,10018,9800
9988,10004,9996.0,10014.435892475,9996.0,5.991032882567079,9989,10018,9900
9987,10003,9995.0,10013.958540976375,9995.0,6.208137915258101,9988,10017,10000
9989,10005,9997.0,10013.500670669542,9997.0,6.377355999330894,9990,10018,10100
9986,10002,9994.0,10012.92376271934,9994.0,6.615339699610373,9987,10017,10200
9990,10006,9998.0,10012.405551759632,9998.0,6.749204370250518,9991,10017,10300
9992,10008,10000.0,10011.90634109401,10000.0,6.807429324671035,9993,10016,10400
9990,10006,9998.0,10011.427471865503,9998.0,6.88998298280787,9991,10016,10500
9993,10009,10001.0,10011.048300705814,10001.0,6.949870920611084,9994,10016,10600
9991,10007,9999.0,10010.589695863151,9999.0,7.0495292857517455,9992,10015,10700
9988,10004,9996.0,10010.07169596118,9996.0,7.189990346327067,9989,10015,10800
9985,10001,9993.0,10009.51421483188,9993.0,7.363072176695509,9986,10014,10900
9987,10003,9995.0,10009.035607342417,9995.0,7.457033084103225,9988,10014,11000
9989,10005,9997.0,10008.636974855406,9997.0,7.548169010186027,9990,10014,11100
9991,10007,9999.0,10008.278097686501,9999.0,7.6221838406931255,9992,10014,11200
9992,10008,10000.0,10007.97850999902,10000.0,7.649182898826773,9993,10013,11300
9989,10005,9997.0,10007.600467062053,9997.0,7.7760569733470914,9990,10013,11400
9991,10007,9999.0,10007.221773600628,9999.0,7.859618351255325,9992,10013,11500
9991,10007,9999.0,10006.883222870307,9999.0,7.9512810481602685,9992,10012,11600
9991,10007,9999.0,10006.56461881188,9999.0,8.038582703511118,9992,10012,11700
9992,10008,10000.0,10006.265330114695,10000.0,8.082704664568524,9993,10012,11800
9993,10009,10001.0,10006.046066317027,10001.0,8.12811891077772,9994,10012,11900
9995,10011,10003.0,10005.88664626017,10003.0,8.163716076063125,9996,10011,12000
10005,10013,10009.0,10005.786672924223,10009.0,8.16534899579408,9999,10012,12100
9998,10014,10006.0,10005.606799970592,10006.0,8.173124897560205,9999,10013,12200
10001,10017,10009.0,10005.466724487795,10009.0,8.168505848398114,9999,10016,12300
10001,10017,10009.0,10005.246700176454,10009.0,8.167017598443687,9999,10016,12400
10001,10017,10009.0,10005.066112537987,10009.0,8.130961688906911,9999,10016,12500
10000,10016,10008.0,10004.906059013822,10008.0,8.127669642780415,9998,10015,12600
9999,10015,10007.0,10004.745976668954,10007.0,8.122602351095622,9998,10014,12700
9997,10013,10005.0,10004.526263111458,10005.0,8.140215688767764,9998,10012,12800
9998,10014,10006.0,10004.346396627781,10006.0,8.148412592744064,9998,10013,12900
10002,10018,10010.0,10004.26634231938,10010.0,8.145079458203764,9998,10017,13000
10005,10021,10013.0,10004.206384178022,10013.0,8.147648619188395,9998,10020,13100
10014,10023,10018.5,10004.237005440644,10017.882352941177,8.185685105296576,9998,10022,13200
10007,10023,10015.0,10004.197145426919,10015.0,8.194231319588772,9998,10022,13300
10007,10023,10015.0,10004.177225026959,10015.0,8.199086958810803,9998,10022,13400
10010,10026,10018.0,10004.257660278405,10018.0,8.225586812141614,9998,10025,13500
10009,10025,10017.0,10004.317778502107,10017.0,8.232770014256229,9998,10024,13600
10010,10026,10018.0,10004.398267669836,10018.0,8.262425178861868,9998,10025,13700
10009,10025,10017.0,10004.538667042447,10017.0,8.28655793721488,9998,10024,13800
10009,10025,10017.0,10004.699061121459,10017.0,8.310302128002359,9998,10024,13900
10008,10024,10016.0,10004.819285217136,10016.0,8.323774212193344,9998,10023,14000
10009,10025,10017.0,10004.939654788746,10017.0,8.34594444902441,9998,10024,14100
10010,10027,10018.5,10005.110191794924,10018.5,8.378054363756926,9999,10026,14200
10010,10026,10018.0,10005.330681746887,10018.0,8.407243715246993,9999,10025,14300
10008,10024,10016.0,10005.550570875404,10016.0,8.400647320556443,9999,10023,14400
10005,10021,10013.0,10005.729789285364,10013.0,8.353998166397929,9999,10020,14500
10007,10023,10015.0,10005.989451377316,10015.0,8.333749295242171,9999,10022,14600
10008,10024,10016.0,10006.288968287423,10016.0,8.30471477070716,10000,10023,14700
10010,10026,10018.0,10006.669381580237,10018.0,8.329560626901737,10000,10025,14800
10010,10026,10018.0,10007.109514116264,10018.0,8.337512594479932,10001,10025,14900
10008,10024,10016.0,10007.528943191843,10016.0,8.303203709649479,10001,10023,15000
10010,10026,10018.0,10007.9487900696,10018.0,8.293977911775476,10001,10025,15100
10011,10027,10019.0,10008.448616949318,10019.0,8.283534832346287,10002,10026,15200
10011,10027,10019.0,10008.867803695715,10019.0,8.234299953007923,10002,10026,15300
10010,10026,10018.0,10009.226577933536,10018.0,8.159530227649618,10003,10025,15400
10007,10023,10015.0,10009.564717331634,10015.0,8.044708300128324,10003,10022,15500
10009,10025,10017.0,10009.883829183413,10017.0,7.989316830204625,10003,10024,15600
10009,10025,10017.0,10010.24335334771,10017.0,7.959481623259693,10004,10024,15700
10008,10024,10016.0,10010.642336976767,10016.0,7.895376923680316,10004,10023,15800
10009,10025,10017.0,10011.121435104402,10017.0,7.838054886356005,10005,10024,15900
10011,10027,10019.0,10011.60105318106,10019.0,7.813653502727152,10005,10026,16000
10010,10026,10018.0,10012.02089162827,10018.0,7.803308802792444,10006,10025,16100
10009,10025,10017.0,10012.38089162827,10017.0,7.803308802792444,10006,10024,16200
10005,10021,10013.0,10012.640520684246,10013.0,7.779504113158014,10006,10020,16300
10004,10020,10012.0,10012.940329526517,10012.0,7.767208412100716,10005,10019,16400
10004,10012,10008.0,10013.120048769728,10008.069204152249,7.7491141253989815,10005,10019,16500
10006,10022,10014.0,10013.41958685423,10014.0,7.719252180747656,10007,10021,16600
10004,10020,10012.0,10013.679280217626,10012.0,7.6993647546874255,10005,10019,16700
10002,10018,10010.0,10013.87904102539,10010.0,7.6838158091971245,10003,10019,16800
10000,10016,10008.0,10014.018836535633,10008.0,7.670497743547115,10001,10020,16900
10001,10017,10009.0,10014.13880536222,10009.0,7.668465440972545,10002,10020,17000
10000,10016,10008.0,10014.118831830212,10008.0,7.670191015400088,10001,10020,17100
9999,10015,10007.0,10014.13874811293,10007.0,7.6647317585225965,10000,10020,17200
10003,10019,10011.0,10014.178497941379,10011.0,7.648394692894466,10004,10020,17300
10004,10020,10012.0,10014.238165424958,10012.0,7.626626053395918,10005,10020,17400
10006,10022,10014.0,10014.337304332908,10014.0,7.569962543403921,10007,10021,17500
10006,10023,10014.5,10014.466850749926,10014.5,7.539943628866056,10007,10022,17600
10005,10021,10013.0,10014.586564013332,10013.0,7.520905087290112,10006,10020,17700
10004,10020,10012.0,10014.726334918145,10012.0,7.505659074676912,10005,10020,17800
10002,10018,10010.0,10014.805930840113,10010.0,7.478692406678746,10003,10019,17900
10000,10016,10008.0,10014.765658415841,10008.0,7.460456811857044,10001,10019,18000
10001,10017,10009.0,10014.6854579453,10009.0,7.447009151295601,10002,10019,18100
10000,10016,10008.0,10014.475047789432,10008.0,7.4194197503853765,10001,10019,18200
10002,10018,10010.0,10014.374470689148,10010.0,7.380426081746414,10003,10019,18300
10000,10016,10008.0,10014.233892804627,10008.0,7.341171883766062,10001,10019,18400
10004,10020,10012.0,10014.11351205764,10012.0,7.3151936161258035,10005,10019,18500
10006,10022,10014.0,10014.05351205764,10014.0,7.3151936161258035,10007,10021,18600
10004,10020,10012.0,10013.933360111752,10012.0,7.304800596439961,10005,10019,18700
10006,10022,10014.0,10013.766639888247,10014.0,7.30480059643996,10007,10021,18800
10005,10021,10013.0,10013.686501372415,10013.0,7.314275602240513,10006,10020,18900
10004,10020,10012.0,10013.606424027055,10012.0,7.319560980265759,10005,10019,19000
10003,10019,10011.0,10013.48639863739,10011.0,7.321295145772274,10004,10018,19100
10004,10020,10012.0,10013.3563536418,10012.0,7.324367426623029,10005,10019,19200
10002,10018,10010.0,10013.4109390746,10010.0,7.324367426623029,10003,10018,19300
10001,10017,10009.0,10013.270791442015,10009.0,7.321007262562728,10002,10018,19400
10003,10019,10011.0,10013.230334427997,10011.0,7.310595689300457,10004,10018,19500
10006,10022,10014.0,10013.316866238603,10014.0,7.30569967359812,10007,10021,19600
10005,10021,10013.0,10013.254725762179,10013.0,7.2763419680520585,10006,10020,19700
10006,10022,10014.0,10013.172043182041,10014.0,7.239380940950356,10007,10021,19800
10006,10023,10014.5,10013.097477208117,10014.5,7.176032443026595,10007,10022,19900
10004,10020,10012.0,10013.008160474463,10012.0,7.045004960442367,10005,10019,20000
10011,10020,10015.5,10012.948393784922,10015.0,6.904980592630896,10007,10019,20100
10005,10021,10013.0,10012.820088716793,10013.0,6.783637914754459,10006,10020,20200
10004,10020,10012.0,10012.666881188119,10012.0,6.586063894600657,10005,10019,20300
10005,10021,10013.0,10012.559345162239,10013.0,6.470628443033893,10006,10020,20400
10004,10020,10012.0,10012.493751592981,10012.0,6.383597621734634,10005,10019,20500
10004,10020,10012.0,10012.385661209686,10012.0,6.255576866849691,10005,10019,20600
10005,10021,10013.0,10012.300949906872,10013.0,6.179804315217033,10006,10020,20700
10006,10022,10014.0,10012.254119694147,10014.0,6.068273134057705,10007,10021,20800
10010,10026,10018.0,10012.264792177237,10018.0,5.912565893713588,10008,10025,20900
10010,10026,10018.0,10012.229903930987,10018.0,5.655155718230191,10008,10025,21000
10011,10027,10019.0,10012.238599156946,10019.0,5.4515898038168205,10008,10026,21100
10011,10027,10019.0,10012.269918635428,10019.0,5.289964752772919,10008,10026,21200
10010,10026,10018.0,10012.362980590138,10018.0,5.157142428481528,10008,10025,21300
10010,10026,10018.0,10012.476972355651,10018.0,5.039292721233937,10008,10025,21400
10013,10029,10021.0,10012.728467307128,10021.0,4.867592980657941,10009,10028,21500
10014,10030,10022.0,10012.883202627194,10022.0,4.758206115615682,10009,10029,21600
10014,10030,10022.0,10013.07741937065,10022.0,4.635070024280891,10010,10029,21700
10017,10033,10025.0,10013.374118713851,10025.0,4.563303931398459,10010,10032,21800
10018,10034,10026.0,10013.732729634348,10026.0,4.532761505960214,10010,10033,21900
10018,10034,10026.0,10014.072006666012,10026.0,4.516783501854743,10011,10033,22000
10018,10034,10026.0,10014.433077639447,10026.0,4.540432566333587,10011,10033,22100
10018,10034,10026.0,10014.8185854328,10026.0,4.660159499431448,10011,10033,22200
10021,10037,10029.0,10015.185586217038,10029.0,4.808039455693876,10012,10036,22300
10022,10038,10030.0,10015.65623076169,10030.0,5.013656479944778,10011,10037,22400
10025,10041,10033.0,10016.062465836681,10033.0,5.296391189424048,10012,10040,22500
10026,10042,10034.0,10016.668234976964,10034.0,5.587098095690599,10012,10041,22600
10025,10041,10033.0,10017.106429761789,10033.0,5.810506356523844,10013,10040,22700
10026,10042,10034.0,10017.58561562592,10034.0,6.031117231597185,10013,10041,22800
10026,10042,10034.0,10018.09670228409,10034.0,6.200549890075852,10014,10041,22900
10028,10044,10036.0,10018.699624546613,10036.0,6.427153577404112,10013,10043,23000
10029,10045,10037.0,10019.316041074404,10037.0,6.713375079667306,10014,10044,23100
10030,10047,10038.5,10019.994396872855,10038.5,7.044604899522292,10014,10046,23200
10028,10044,10036.0,10020.567998235467,10036.0,7.293824947479482,10015,10043,23300
10028,10044,10036.0,10021.180215174983,10036.0,7.528679277637147,10015,10043,23400
10027,10043,10035.0,10021.6857695324,10035.0,7.727740214744904,10015,10042,23500
10027,10043,10035.0,10022.151140084305,10035.0,7.92102722423239,10016,10042,23600
10025,10041,10033.0,10022.605936672875,10033.0,8.066129484352901,10016,10040,23700
10023,10039,10031.0,10022.971723850602,10031.0,8.172000369566323,10016,10038,23800
10022,10038,10030.0,10023.333152632094,10030.0,8.258945179197696,10017,10037,23900
10020,10036,10028.0,10023.667629154004,10028.0,8.31716760283415,10017,10035,24000
10021,10029,10025.0,10023.953862366434,10025.57142857143,8.342111509023214,10017,10029,24100
10023,10039,10031.0,10024.357639447115,10031.0,8.436584803157528,10018,10038,24200
10025,10041,10033.0,10024.849195176943,10033.0,8.560355043039735,10018,10040,24300
10026,10042,10034.0,10025.384485834722,10034.0,8.69668839165072,10019,10041,24400
10026,10042,10034.0,10025.877941378296,10034.0,8.823987678656573,10018,10041,24500
10027,10043,10035.0,10026.331002842859,10035.0,8.948008504162786,10019,10042,24600
10023,10039,10031.0,10026.709401039114,10031.0,9.016285410721395,10019,10038,24700
10025,10041,10033.0,10027.115698460935,10033.0,9.11298875574566,10020,10040,24800
10028,10044,10036.0,10027.585982746788,10036.0,9.259167517617447,10020,10043,24900
10022,10039,10030.5,10027.973186942456,10030.5,9.320897461999468,10020,10038,25000
10022,10038,10030.0,10028.276712087049,10030.0,9.369141145449383,10021,10037,25100
10019,10035,10027.0,10028.563765807274,10027.0,9.394203202946652,10020,10035,25200
10022,10038,10030.0,10028.93859817665,10030.0,9.446686109069672,10021,10037,25300
10023,10039,10031.0,10029.316155278893,10031.0,9.508435829634745,10022,10038,25400
10025,10041,10033.0,10029.759733849622,10033.0,9.590738065524768,10022,10040,25500
10026,10042,10034.0,10030.223006567983,10034.0,9.671285912374943,10023,10041,25600
10026,10033,10029.5,10030.563097490442,10029.77142857143,9.70600326410452,10023,10037,25700
10024,10040,10032.0,10030.940169346142,10032.0,9.764457131667333,10023,10039,25800
10023,10031,10027.0,10031.122466179786,10027.371428571429,9.772294782653988,10024,10038,25900
10023,10039,10031.0,10031.395270806785,10031.0,9.815874241192676,10024,10038,26000
10021,10037,10029.0,10031.604064062347,10029.0,9.845689623203405,10022,10038,26100
10022,10038,10030.0,10031.834227771787,10030.0,9.88003971580101,10023,10038,26200
10018,10034,10026.0,10031.994889471622,10026.0,9.882271910245569,10019,10038,26300
10019,10035,10027.0,10032.169207675717,10027.0,9.863088345672354,10020,10039,26400
10014,10030,10022.0,10032.175885452407,10022.0,9.817961269722707,10015,10039,26500
10015,10031,10023.0,10032.168667532595,10023.0,9.725113650046609,10016,10039,26600
10017,10033,10025.0,10032.221356484657,10025.0,9.700022284023774,10018,10039,26700
10020,10036,10028.0,10032.272463238898,10028.0,9.669413077321522,10021,10039,26800
10017,10033,10025.0,10032.232303450643,10025.0,9.599664753320274,10018,10039,26900
10016,10032,10024.0,10032.16294162337,10024.0,9.497163167213875,10017,10039,27000
10014,10030,10022.0,10032.056600088226,10022.0,9.4042546691259,10015,10039,27100
10014,10030,10022.0,10031.945597245367,10022.0,9.293715602018752,10015,10038,27200
10013,10029,10021.0,10031.74985957259,10021.0,9.16464064613164,10014,10038,27300
10011,10027,10019.0,10031.511555484756,10019.0,9.097822027849658,10012,10038,27400
10014,10030,10022.0,10031.274351289088,10022.0,9.034568018041611,10015,10038,27500
10015,10031,10023.0,10031.042625968043,10023.0,8.991202989746325,10016,10038,27600
10016,10032,10024.0,10030.852107146358,10024.0,8.952121336525776,10017,10037,27700
10019,10035,10027.0,10030.69924076071,10027.0,8.904084308936486,10020,10037,27800
10019,10035,10027.0,10030.542587981572,10027.0,8.841523177863397,10020,10037,27900
10021,10037,10029.0,10030.380544554455,10029.0,8.758023195734852,10022,10037,28000
10021,10037,10029.0,10030.188707969806,10029.0,8.636002044954529,10022,10036,28100
10021,10037,10029.0,10029.970151945887,10029.0,8.525068703096213,10022,10036,28200
10022,10038,10030.0,10029.817381629253,10030.0,8.395957873691497,10023,10037,28300
10021,10037,10029.0,10029.650756298402,10029.0,8.289576983184437,10022,10036,28400
10024,10040,10032.0,10029.759005391628,10032.0,8.161581381449007,10023,10039,28500
10024,10040,10032.0,10029.680124889717,10032.0,8.097066992013199,10023,10039,28600
10027,10043,10035.0,10029.71749397118,10035.0,8.088036333510324,10023,10042,28700
10027,10043,10035.0,10029.784628761887,10035.0,8.043730346211298,10023,10042,28800
10024,10040,10032.0,10029.810050191158,10032.0,7.993226963282135,10023,10039,28900
10021,10037,10029.0,10029.804725615137,10029.0,7.904730001488459,10022,10036,29000
10021,10037,10029.0,10029.853798647191,10029.0,7.795292907302217,10022,10036,29100
10024,10040,10032.0,10029.841671796883,10032.0,7.679958755975258,10023,10039,29200
10026,10042,10034.0,10029.838108224683,10034.0,7.594253034308443,10023,10041,29300
10025,10041,10033.0,10029.77935025978,10033.0,7.451138092706426,10024,10040,29400
10025,10041,10033.0,10029.712639545143,10033.0,7.274917124929377,10024,10040,29500
10025,10041,10033.0,10029.635877266934,10033.0,7.133166925374473,10024,10040,29600
10025,10041,10033.0,10029.652911871386,10033.0,7.043167971655458,10024,10040,29700
10026,10042,10034.0,10029.646046858152,10034.0,6.936405001276325,10024,10041,29800
10024,10040,10032.0,10029.53857308107,10032.0,6.825495834941564,10024,10039,29900
10026,10043,10034.5,10029.597398686405,10034.5,6.7387712628873455,10024,10042,30000
10032,10048,10040.0,10029.780353298696,10040.0,6.668138582077402,10024,10047,30100
10033,10049,10041.0,10030.062873051662,10041.0,6.678626986562772,10025,10048,30200
10034,10050,10042.0,10030.295197333595,10042.0,6.646625432815703,10025,10049,30300
10034,10050,10042.0,10030.498787177727,10042.0,6.577686091491756,10025,10049,30400
10032,10048,10040.0,10030.616490540144,10040.0,6.482842912655953,10025,10047,30500
10033,10049,10041.0,10030.729676698364,10041.0,6.366914036917317,10025,10048,30600
10031,10047,10039.0,10030.882420350947,10039.0,6.2022413105890175,10026,10046,30700
10031,10047,10039.0,10030.988746005294,10039.0,6.049545461775522,10026,10046,30800
10030,10046,10038.0,10031.175544554455,10038.0,5.89512300529215,10027,10045,30900
10029,10045,10037.0,10031.277976865013,10037.0,5.811754683461373,10027,10044,31000
10030,10046,10038.0,10031.44167258112,10038.0,5.733297389032182,10027,10045,31100
10032,10048,10040.0,10031.634261542986,10040.0,5.697277824569583,10027,10047,31200
10032,10048,10040.0,10031.905294186845,10040.0,5.653387317177528,10027,10047,31300
10033,10049,10041.0,10032.173687089502,10041.0,5.596065530059834,10028,10048,31400
10035,10051,10043.0,10032.587864130968,10043.0,5.5670864660448345,10028,10050,31500
10036,10052,10044.0,10033.016955004412,10044.0,5.612263379873935,10029,10051,31600
10036,10052,10044.0,10033.407824527007,10044.0,5.665806439643758,10029,10051,31700
10036,10052,10044.0,10033.736985981766,10044.0,5.710545711257441,10029,10051,31800
10034,10050,10042.0,10034.08592510538,10042.0,5.753863945123338,10030,10049,31900
10034,10050,10042.0,10034.45625820998,10042.0,5.803534411505026,10030,10049,32000
10037,10053,10045.0,10034.937513773159,10045.0,5.904394658780742,10030,10052,32100
10036,10052,10044.0,10035.393267522792,10044.0,5.978050233943259,10031,10051,32200
10038,10054,10046.0,10035.916559356925,10046.0,6.085316375075842,10031,10053,32300
10039,10055,10047.0,10036.509146750319,10047.0,6.2322938095705105,10032,10054,32400
10037,10053,10045.0,10036.992756200372,10045.0,6.336649133644481,10031,10052,32500
10035,10051,10043.0,10037.409836878738,10043.0,6.411087959055254,10032,10050,32600
10035,10051,10043.0,10037.806511714538,10043.0,6.4829336403693665,10032,10050,32700
10037,10053,10045.0,10038.190438780512,10045.0,6.584657168632896,10033,10052,32800
10038,10054,10046.0,10038.598134888738,10046.0,6.7004763045307225,10033,10053,32900
10037,10053,10045.0,10038.941116165082,10045.0,6.795080594247965,10033,10052,33000
10036,10052,10044.0,10039.25898735418,10044.0,6.867748111365516,10034,10051,33100
10036,10052,10044.0,10039.57568689344,10044.0,6.934963323790784,10034,10051,33200
10033,10049,10041.0,10039.800940790119,10041.0,6.955975808686672,10034,10048,33300
10028,10044,10036.0,10039.940940790118,10036.0,6.955975808686672,10029,10044,33400
10031,10047,10039.0,10040.084810410743,10039.0,6.971411505188112,10032,10046,33500
10028,10044,10036.0,10040.165380354869,10036.0,6.973682093203347,10029,10045,33600
10029,10037,10033.0,10040.125306244487,10033.11009174312,6.973386888281581,10030,10045,33700
10029,10045,10037.0,10040.16686609156,10037.0,6.9795976147930645,10030,10045,33800
10028,10044,10036.0,10040.246063229097,10036.0,6.976401607861826,10029,10045,33900
10023,10040,10031.5,10040.148612390942,10031.5,6.969516439189854,10024,10045,34000
10022,10038,10030.0,10040.165642093913,10030.0,6.955295794871518,10023,10045,34100
10022,10039,10030.5,10040.125371042055,10030.5,6.905896234642301,10023,10045,34200
10024,10040,10032.0,10040.084607881581,10032.0,6.9022116338665285,10025,10045,34300
10019,10035,10027.0,10039.971815998431,10027.0,6.9369349544378585,10020,10044,34400
10019,10035,10027.0,10039.85905205372,10027.0,6.971618911559561,10020,10044,34500
10019,10035,10027.0,10039.74614400549,10027.0,7.005445527062776,10020,10044,34600
10023,10039,10031.0,10039.707161552788,10031.0,7.0102855519060565,10024,10044,34700
10020,10036,10028.0,10039.59101264582,10028.0,7.0285733299584,10021,10044,34800
10019,10035,10027.0,10039.49774433879,10027.0,7.060426515871472,10020,10044,34900
10021,10037,10029.0,10039.390266150376,10029.0,7.072322345488379,10022,10044,35000
10024,10040,10032.0,10039.22918096265,10032.0,7.067205778102691,10025,10044,35100
10024,10040,10032.0,10038.947898539358,10032.0,7.059628119203787,10025,10043,35200
10026,10042,10034.0,10038.782046564062,10034.0,7.027673671675792,10027,10043,35300
10025,10041,10033.0,10038.60027262033,10033.0,7.017958394397029,10026,10043,35400
10024,10040,10032.0,10038.439676208214,10032.0,7.014689028772083,10025,10043,35500
10023,10039,10031.0,10037.99422095873,10031.0,7.01980198019802,10024,10042,35600
10019,10035,10027.0,10037.757844132928,10027.0,7.0519867141124175,10020,10042,35700
10019,10035,10027.0,10037.520010587197,10027.0,7.071161389734129,10020,10042,35800
10016,10032,10024.0,10037.247194196647,10024.0,7.134372753152406,10017,10042,35900
10017,10033,10025.0,10037.00960807764,10025.0,7.1554880829284375,10018,10042,36000
10020,10036,10028.0,10036.811553769237,10028.0,7.172462698040943,10021,10041,36100
10021,10037,10029.0,10036.591553769238,10029.0,7.172462698040943,10022,10041,36200
10023,10039,10031.0,10036.411065189688,10031.0,7.168204008739616,10024,10041,36300
10024,10040,10032.0,10036.22667503186,10032.0,7.1298232083588635,10025,10041,36400
10024,10040,10032.0,10036.003369473581,10032.0,7.100787575869854,10025,10041,36500
10024,10040,10032.0,10035.752680325459,10032.0,7.006071701195045,10025,10040,36600
10025,10041,10033.0,10035.523418488383,10033.0,6.922955369488994,10026,10040,36700
10020,10036,10028.0,10035.199896480737,10028.0,6.891085552519851,10021,10040,36800
10018,10034,10026.0,10034.882087638467,10026.0,6.910930097197638,10019,10039,36900
10018,10034,10026.0,10034.560755220076,10026.0,6.898869654483834,10019,10039,37000
10015,10031,10023.0,10034.12240447015,10023.0,6.91379481679549,10016,10039,37100
10015,10031,10023.0,10033.557873002646,10023.0,6.897434343968768,10016,10038,37200
10017,10033,10025.0,10033.134774776981,10025.0,6.852368597538356,10018,10038,37300
10014,10030,10022.0,10032.6335420547,10022.0,6.834355195635059,10015,10037,37400
10017,10033,10025.0,10032.226422164495,10025.0,6.729370914040586,10018,10037,37500
10017,10033,10025.0,10031.863294529947,10025.0,6.682731925613123,10018,10036,37600
10016,10032,10024.0,10031.482250024508,10024.0,6.667083687901349,10017,10036,37700
10011,10027,10019.0,10030.96845284776,10019.0,6.759479976448242,10012,10035,37800
10011,10027,10019.0,10030.437138270758,10019.0,6.886773856571287,10012,10035,37900
10013,10029,10021.0,10029.963017106165,10021.0,6.971615396248736,10014,10034,38000
10014,10030,10022.0,10029.528791540046,10022.0,7.0539569043919395,10015,10034,38100
10018,10034,10026.0,10029.170657533576,10026.0,7.0803606345318295,10019,10034,38200
10020,10036,10028.0,10028.911178560926,10028.0,7.08771558297029,10021,10035,38300
10016,10032,10024.0,10028.67517522792,10024.0,7.143881688813603,10017,10033,38400
10013,10029,10021.0,10028.112406675815,10021.0,7.239245528098662,10014,10033,38500
10014,10030,10022.0,10027.833707528674,10022.0,7.328542056484321,10015,10032,38600
10011,10027,10019.0,10027.276978139398,10019.0,7.466958226110243,10012,10032,38700
10012,10028,10020.0,10026.93006705225,10020.0,7.581770039875591,10013,10032,38800
10012,10028,10020.0,10026.60333241839,10020.0,7.692002041238129,10013,10032,38900
10012,10028,10020.0,10026.366646015098,10020.0,7.799903603626152,10013,10032,39000
10011,10027,10019.0,10026.139576119987,10019.0,7.912393443386197,10012,10032,39100
10009,10025,10017.0,10025.860245270072,10017.0,8.058454100018785,10010,10031,39200
10012,10028,10020.0,10025.613878835407,10020.0,8.156610273142064,10013,10031,39300
10014,10030,10022.0,10025.50952632095,10022.0,8.223042001763602,10015,10031,39400
10014,10030,10022.0,10025.405200078423,10022.0,8.288545131329082,10015,10031,39500
10017,10033,10025.0,10025.363063817273,10025.0,8.320699831251929,10018,10032,39600
10019,10035,10027.0,10025.281969806882,10027.0,8.337118703699764,10019,10034,39700
10019,10035,10027.0,10025.260904029017,10027.0,8.353082828860806,10019,10034,39800
10019,10035,10027.0,10025.259973532007,10027.0,8.366995697281881,10019,10034,39900
10022,10038,10030.0,10025.27979394177,10030.0,8.369678282789387,10019,10037,40000
10020,10037,10028.5,10025.209511616507,10028.5,8.373893710392654,10019,10036,40100
10023,10039,10031.0,10025.19199254975,10031.0,8.336777708593045,10019,10038,40200
10023,10039,10031.0,10025.135219684345,10031.0,8.288249448094088,10019,10038,40300
10025,10041,10033.0,10025.13926046466,10033.0,8.227082340351174,10019,10040,40400
10025,10041,10033.0,10025.163364768161,10033.0,8.164484549559997,10019,10040,40500
10029,10045,10037.0,10025.28498460935,10037.0,8.139646654615538,10019,10044,40600
10027,10043,10035.0,10025.448007842368,10035.0,8.093085901428525,10019,10042,40700
10028,10044,10036.0,10025.629411234193,10036.0,8.07138101267797,10019,10043,40800
10026,10042,10034.0,10025.8313698657,10034.0,8.040990832922253,10019,10041,40900
10028,10044,10036.0,10026.05223801588,10036.0,8.027483791936362,10020,10043,41000
10030,10046,10038.0,10026.251763944712,10038.0,8.034862402192978,10020,10045,41100
10030,10046,10038.0,10026.431763944713,10038.0,8.034862402192978,10020,10045,41200
10032,10048,10040.0,10026.611763944713,10040.0,8.034862402192978,10020,10047,41300
10028,10044,10036.0,10026.693823350653,10036.0,8.002759670077928,10020,10043,41400
10028,10044,10036.0,10026.776613273209,10036.0,7.9590628655560165,10020,10043,41500
10029,10045,10037.0,10026.880699931378,10037.0,7.894619506675472,10020,10044,41600
10031,10047,10039.0,10027.004721105774,10039.0,7.830691128917935,10021,10046,41700
10028,10044,10036.0,10027.170245270072,10036.0,7.742007651902029,10021,10043,41800
10025,10041,10033.0,10027.316616018037,10033.0,7.638455046057296,10021,10040,41900
10026,10042,10034.0,10027.480992059602,10034.0,7.566504153141004,10021,10041,42000
10029,10045,10037.0,10027.764346632683,10037.0,7.510881561390277,10021,10044,42100
10027,10043,10035.0,10028.011510636212,10035.0,7.390692859736901,10023,10042,42200
10026,10042,10034.0,10028.197960984216,10034.0,7.280779762202097,10023,10041,42300
10026,10042,10034.0,10028.446755416135,10034.0,7.128193737973301,10023,10041,42400
10027,10043,10035.0,10028.65661327321,10035.0,6.953177812904885,10023,10042,42500
10026,10042,10034.0,10028.84444191746,10034.0,6.810985291074401,10023,10041,42600
10026,10042,10034.0,10029.050204881874,10034.0,6.704385097189636,10024,10041,42700
10023,10039,10031.0,10029.296561905694,10031.0,6.584794877300277,10024,10038,42800
10024,10040,10032.0,10029.565120674442,10032.0,6.4202672365782005,10024,10039,42900
10024,10040,10032.0,10029.795040486228,10032.0,6.224136762900529,10025,10039,43000
10024,10040,10032.0,10030.003874522105,10032.0,6.044118585334094,10025,10039,43100
10025,10041,10033.0,10030.151452994805,10033.0,5.885299592959756,10026,10040,43200
10023,10039,10031.0,10030.219502009608,10031.0,5.711785850176342,10024,10038,43300
10027,10044,10035.5,10030.453273992745,10035.5,5.628632321758785,10026,10043,43400
10025,10041,10033.0,10030.694450348004,10033.0,5.602447054522302,10026,10040,43500
10025,10041,10033.0,10030.917537104206,10033.0,5.533147743249992,10026,10040,43600
10028,10044,10036.0,10031.257537104204,10036.0,5.533147743249992,10027,10043,43700
10030,10046,10038.0,10031.615160866582,10038.0,5.586571699582229,10027,10045,43800
10033,10049,10041.0,10032.032165081855,10041.0,5.65320524448918,10028,10048,43900
10034,10050,10042.0,10032.46769493187,10042.0,5.751197008679486,10028,10049,44000
10033,10049,10041.0,10032.902744240762,10041.0,5.85781015481234,10028,10048,44100
10031,10047,10039.0,10033.33936692481,10039.0,5.9294408502975,10029,10046,44200
10029,10045,10037.0,10033.677353396726,10037.0,5.971737671611773,10029,10044,44300
10031,10047,10039.0,10034.014251740025,10039.0,6.036312201471034,10030,10046,44400
10028,10044,10036.0,10034.293171845899,10036.0,6.058633387624205,10029,10043,44500
10025,10041,10033.0,10034.453200078424,10033.0,6.058050874173887,10026,10040,44600
10024,10040,10032.0,10034.553443191844,10032.0,6.053032466377145,10025,10039,44700
10025,10041,10033.0,10034.673149887265,10033.0,6.059086414923574,10026,10040,44800
10023,10039,10031.0,10034.753309871581,10031.0,6.055785011432919,10024,10038,44900
10024,10040,10032.0,10034.793592196844,10032.0,6.049954610502324,10025,10039,45000
10026,10033,10029.5,10034.813631408684,10029.472440944883,6.049144388146497,10027,10038,45100
10024,10040,10032.0,10034.833631408685,10032.0,6.049144388146497,10025,10039,45200
10023,10031,10027.0,10034.75334712283,10027.11188811189,6.055016043928062,10024,10038,45300
10024,10040,10032.0,10034.733793353593,10032.0,6.045797019566878,10025,10039,45400
10026,10042,10034.0,10034.753530242133,10034.0,6.051234540713073,10027,10041,45500
10029,10045,10037.0,10034.751830408783,10037.0,6.086246610525805,10030,10044,45600
10030,10046,10038.0,10034.80948358004,10038.0,6.134256677846705,10030,10045,45700
10030,10046,10038.0,10034.847615920007,10038.0,6.172197339524993,10030,10045,45800
10027,10043,10035.0,10034.867267718852,10035.0,6.1792451227659475,10028,10042,45900
10028,10044,10036.0,10034.867790020586,10036.0,6.168670428337516,10029,10043,46000
10026,10042,10034.0,10034.788612292912,10034.0,6.151985595877571,10027,10041,46100
10027,10043,10035.0,10034.728186844426,10035.0,6.160624066865772,10028,10042,46200
10026,10042,10034.0,10034.607906479758,10034.0,6.16631008470855,10027,10041,46300
10030,10046,10038.0,10034.645883540828,10038.0,6.207182516461667,10030,10045,46400
10028,10045,10036.5,10034.654692481128,10036.5,6.23112186670063,10029,10044,46500
10027,10043,10035.0,10034.614085481817,10035.0,6.243286758280683,10028,10042,46600
10027,10043,10035.0,10034.533485540635,10035.0,6.255286951186347,10028,10042,46700
10034,10042,10038.0,10034.571709244192,10037.96638655462,6.290682709536661,10029,10041,46800
10028,10044,10036.0,10034.631125771984,10036.0,6.302266021377967,10029,10043,46900
10027,10043,10035.0,10034.651598666796,10035.0,6.292879571440786,10028,10042,47000
10027,10034,10030.5,10034.522660915596,10030.906976744185,6.271743864418609,10028,10039,47100
10026,10042,10034.0,10034.505106558181,10034.0,6.222809691357865,10027,10041,47200
10026,10042,10034.0,10034.507647093422,10034.0,6.171565979915197,10027,10041,47300
10023,10039,10031.0,10034.449310459759,10031.0,6.137783399590459,10024,10038,47400
10025,10042,10033.5,10034.422805215174,10033.5,6.066192892272244,10026,10041,47500
10029,10045,10037.0,10034.483473384962,10037.0,6.052408922027275,10030,10044,47600
10032,10048,10040.0,10034.602685226939,10040.0,6.068664866786279,10030,10047,47700
10032,10048,10040.0,10034.78267267915,10040.0,6.068923315772269,10030,10047,47800
10028,10044,10036.0,10034.868938731497,10036.0,5.938460838110494,10029,10043,47900
10030,10046,10038.0,10034.994705224977,10038.0,5.815814109435941,10030,10045,48000
10031,10047,10039.0,10035.138290755809,10039.0,5.738232397518984,10031,10046,48100
10028,10044,10036.0,10035.202364081953,10036.0,5.648803369901681,10029,10043,48200
10030,10047,10038.5,10035.35291304774,10038.5,5.636642446075109,10031,10046,48300
10031,10047,10039.0,10035.422408391334,10039.0,5.64782278107717,10031,10046,48400
10031,10047,10039.0,10035.544249387314,10039.0,5.606929032122463,10031,10046,48500
10032,10049,10040.5,10035.698064895598,10040.5,5.521211470355245,10031,10048,48600
10034,10050,10042.0,10035.82030781296,10042.0,5.4701962268388105,10031,10049,48700
10032,10048,10040.0,10035.867158905989,10040.0,5.311334437088083,10031,10047,48800
10030,10046,10038.0,10035.814019409861,10038.0,5.147343735807376,10031,10045,48900
10029,10045,10037.0,10035.721405352417,10037.0,4.964741876058873,10030,10044,49000
10032,10048,10040.0,10035.708008626605,10040.0,4.795606671599674,10032,10047,49100
10033,10049,10041.0,10035.755634545632,10041.0,4.59253346115243,10032,10048,49200
10033,10049,10041.0,10035.84628761886,10041.0,4.292795742261214,10032,10048,49300
10032,10048,10040.0,10035.873926085678,10040.0,4.064293121876339,10032,10047,49400
10033,10049,10041.0,10035.979215763162,10041.0,3.8982123094928243,10032,10048,49500
10030,10046,10038.0,10036.085790804822,10038.0,3.6813446991874947,10031,10045,49600
10031,10047,10039.0,10036.229490834232,10039.0,3.5534900368532742,10032,10046,49700
10032,10048,10040.0,10036.371519654936,10040.0,3.481391426721843,10033,10047,49800
10031,10047,10039.0,10036.533985295559,10039.0,3.3917069611311175,10032,10046,49900
10034,10050,10042.0,10036.735443976082,10042.0,3.3375149407614493,10034,10049,50000
10034,10050,10042.0,10036.985312224293,10042.0,3.3424458001687887,10034,10049,50100
10035,10051,10043.0,10037.20559082443,10043.0,3.3320104880920787,10035,10050,50200
10035,10051,10043.0,10037.524757964906,10043.0,3.3631099853631974,10035,10050,50300
10034,10050,10042.0,10037.724529359866,10042.0,3.3715960661576982,10035,10049,50400
10036,10052,10044.0,10037.922653073227,10044.0,3.4404551578201508,10035,10051,50500
10035,10051,10043.0,10038.041425742575,10043.0,3.4847617359635428,10036,10050,50600
10032,10048,10040.0,10038.080954024115,10040.0,3.501641610898993,10033,10047,50700
10032,10048,10040.0,10038.058803989805,10040.0,3.5149839606885345,10033,10047,50800
10035,10051,10043.0,10038.215203460444,10043.0,3.5714382343337014,10036,10050,50900
10035,10051,10043.0,10038.352305215174,10043.0,3.616240909271781,10036,10050,51000
10038,10054,10046.0,10038.584797127733,10046.0,3.729802977629795,10036,10053,51100
10038,10054,10046.0,10038.797491961574,10046.0,3.8370711983028176,10035,10053,51200
10034,10050,10042.0,10038.955307469856,10042.0,3.8685703667735147,10035,10049,51300
10032,10048,10040.0,10038.995307469855,10040.0,3.868570366773515,10033,10047,51400
10035,10051,10043.0,10039.122176306244,10043.0,3.913277878021529,10036,10050,51500
10034,10050,10042.0,10039.260095921969,10042.0,3.942701809554311,10035,10049,51600
10033,10049,10041.0,10039.378744289776,10041.0,3.9617015175088564,10034,10048,51700
10035,10051,10043.0,10039.475995147535,10043.0,4.00006739478564,10036,10050,51800
10034,10051,10042.5,10039.6036152338,10042.5,4.032985745344842,10035,10050,51900
10032,10048,10040.0,10039.704566317028,10040.0,4.0198629464235,10033,10047,52000
10033,10049,10041.0,10039.914356337613,10041.0,4.022763870028232,10034,10048,52100
10036,10052,10044.0,10040.110490246054,10044.0,4.0758060408776355,10037,10051,52200
10034,10050,10042.0,10040.26920566611,10042.0,4.093278146870582,10035,10049,52300
10036,10052,10044.0,10040.424382413488,10044.0,4.128095497208742,10037,10051,52400
10038,10054,10046.0,10040.666053818253,10046.0,4.194807756794008,10037,10053,52500
10038,10055,10046.5,10040.845907754143,10046.5,4.274671495044964,10037,10054,52600
10036,10052,10044.0,10040.922599254976,10044.0,4.300393354295221,10037,10051,52700
10036,10052,10044.0,10040.999584844623,10044.0,4.3236956058208955,10037,10051,52800
10035,10051,10043.0,10041.143484462307,10043.0,4.293526427016865,10036,10050,52900
10031,10047,10039.0,10041.169073620234,10039.0,4.249912781588893,10032,10046,53000
10035,10052,10043.5,10041.260883001667,10043.5,4.235697489461814,10036,10051,53100
10036,10052,10044.0,10041.422294627979,10044.0,4.224573919520175,10037,10051,53200
10034,10050,10042.0,10041.494967895305,10042.0,4.20342800339293,10035,10049,53300
10035,10051,10043.0,10041.580684981865,10043.0,4.157844137975648,10036,10050,53400
10034,10050,10042.0,10041.640579845112,10042.0,4.158686931286331,10035,10049,53500
10035,10051,10043.0,10041.69288844231,10043.0,4.140141363853996,10036,10050,53600
10033,10049,10041.0,10041.677323301637,10041.0,4.1042798666993585,10034,10048,53700
10044,10053,10048.5,10041.835136996373,10048.240121580548,4.202086811947093,10038,10052,53800
10036,10043,10039.5,10041.865264925007,10039.886120996442,4.201071886972401,10037,10044,53900
10033,10049,10041.0,10041.945264925007,10041.0,4.201071886972401,10034,10048,54000
10031,10047,10039.0,10041.926575090678,10039.0,4.190663506117819,10032,10046,54100
10031,10047,10039.0,10041.887166209195,10039.0,4.185958996493102,10032,10046,54200
10034,10050,10042.0,10041.905838398196,10042.0,4.196519206864538,10035,10049,54300
10038,10054,10046.0,10042.019340505834,10046.0,4.247819002478319,10039,10053,54400
10037,10053,10045.0,10042.09424982845,10045.0,4.287580293139777,10038,10052,54500
10036,10052,10044.0,10042.212379423585,10044.0,4.302096980264989,10037,10051,54600
10038,10054,10046.0,10042.351672139985,10046.0,4.307573640413081,10039,10053,54700
10039,10055,10047.0,10042.491473630036,10047.0,4.309109497825346,10039,10054,54800
10040,10056,10048.0,10042.667481374376,10048.0,4.339881915635791,10039,10055,54900
10042,10058,10050.0,10042.823374424077,10050.0,4.371312357663536,10039,10057,55000
10041,10057,10049.0,10042.960599696109,10049.0,4.392420015525043,10039,10056,55100
10041,10057,10049.0,10043.08570360749,10049.0,4.353514997566435,10040,10056,55200
10036,10052,10044.0,10043.113855749436,10044.0,4.2906429243465,10037,10051,55300
10036,10052,10044.0,10043.178753308499,10044.0,4.092649439347191,10037,10051,55400
10033,10049,10041.0,10043.129605185766,10041.0,4.0032887666175885,10034,10048,55500
10034,10050,10042.0,10043.115886922851,10042.0,3.9506377303696096,10035,10049,55600
10035,10051,10043.0,10043.17715738653,10043.0,3.939903666074995,10036,10050,55700
10034,10050,10042.0,10043.21806318008,10042.0,3.9322327832044373,10035,10049,55800
10035,10051,10043.0,10043.218519017744,10043.0,3.92836677052641,10036,10050,55900
10037,10053,10045.0,10043.261136408195,10045.0,3.9060943136311574,10038,10052,56000
10037,10053,10045.0,10043.242406871874,10045.0,3.89523750345379,10038,10052,56100
10037,10053,10045.0,10043.227550485248,10045.0,3.850969702585358,10038,10052,56200
10036,10052,10044.0,10043.184833006568,10044.0,3.8120547729539234,10037,10051,56300
10036,10052,10044.0,10043.27426149397,10044.0,3.7527038254267304,10037,10051,56400
10033,10049,10041.0,10043.236546564063,10041.0,3.7381777833442125,10034,10048,56500
10032,10048,10040.0,10043.201078619742,10040.0,3.7091995045577306,10033,10047,56600
10034,10050,10042.0,10043.229566317028,10042.0,3.654310455262503,10035,10049,56700
10036,10052,10044.0,10043.257032937949,10044.0,3.6053337607385183,10037,10051,56800
10034,10050,10042.0,10043.249626801295,10042.0,3.5881630710010493,10035,10049,56900
10037,10053,10045.0,10043.353832565435,10045.0,3.560146028072702,10038,10052,57000
10038,10054,10046.0,10043.459425840603,10046.0,3.5225407456235316,10039,10053,57100
10041,10057,10049.0,10043.575726007253,10049.0,3.4105857110850595,10041,10056,57200
10041,10057,10049.0,10043.719060974414,10049.0,3.38722407476294,10041,10056,57300
10038,10054,10046.0,10043.76988109009,10046.0,3.3102935412264247,10039,10053,57400
10041,10057,10049.0,10043.847222919321,10049.0,3.1831182725536595,10041,10056,57500
10041,10057,10049.0,10043.905168169787,10049.0,3.1231229045294375,10041,10056,57600
10042,10058,10050.0,10044.020431281246,10050.0,3.1590287744439633,10042,10057,57700
10040,10056,10048.0,10044.096198755024,10048.0,3.1907697606569774,10041,10055,57800
10042,10058,10050.0,10044.22712023331,10050.0,3.2578094209624116,10042,10057,57900
10041,10058,10049.5,10044.438148514851,10049.5,3.2502855929354215,10042,10057,58000
10042,10058,10050.0,10044.563454857367,10050.0,3.2844883825199234,10042,10057,58100
10043,10059,10051.0,10044.694363983923,10051.0,3.3497406870273463,10042,10058,58200
10042,10058,10050.0,10044.856150867563,10050.0,3.3370155788125886,10042,10057,58300
10042,10058,10050.0,10044.992244632878,10050.0,3.364771039552748,10042,10057,58400
10044,10060,10052.0,10045.181727134595,10052.0,3.4383887796837165,10043,10059,58500
10043,10059,10051.0,10045.335131310656,10051.0,3.483762944645467,10043,10058,58600
10043,10059,10051.0,10045.526571561613,10051.0,3.5417808164577678,10043,10058,58700
10043,10059,10051.0,10045.566788991275,10051.0,3.6069444179951557,10043,10058,58800
10041,10057,10049.0,10045.754825066171,10049.0,3.6198851193953443,10042,10056,58900
10044,10060,10052.0,10045.969522056661,10052.0,3.6545988206569353,10043,10059,59000
10044,10060,10052.0,10046.22785457308,10052.0,3.6654462920562656,10044,10059,59100
10041,10057,10049.0,10046.42729874522,10049.0,3.6690549891331705,10042,10056,59200
10041,10057,10049.0,10046.565421282228,10049.0,3.6812182104554627,10042,10056,59300
10041,10057,10049.0,10046.62380732281,10049.0,3.691642279970044,10042,10056,59400
10041,10057,10049.0,10046.704177874717,10049.0,3.689251603560415,10042,10056,59500
10044,10060,10052.0,10046.855935153417,10052.0,3.74207000636755,10044,10059,59600
10043,10060,10051.5,10046.966324232919,10051.5,3.739593605891133,10044,10059,59700
10044,10060,10052.0,10047.0633536418,10052.0,3.7584593994283426,10044,10059,59800
10047,10063,10055.0,10047.188315410254,10055.0,3.8525476403599495,10044,10062,59900
10048,10064,10056.0,10047.292391971376,10056.0,3.949731929569305,10044,10063,60000
10048,10064,10056.0,10047.411439319674,10056.0,4.074079973999729,10044,10063,60100
10050,10066,10058.0,10047.561828105088,10058.0,4.243605244601875,10044,10065,60200
10053,10069,10061.0,10047.854805068131,10061.0,4.499708624796481,10044,10068,60300
10048,10064,10056.0,10048.075188461917,10056.0,4.602336560221089,10045,10063,60400
10052,10068,10060.0,10048.417947995295,10060.0,4.79112276683919,10045,10067,60500
10052,10069,10060.5,10048.746406038625,10060.5,4.993300089101947,10045,10068,60600
10050,10066,10058.0,10049.020529163807,10058.0,5.1152006719121,10045,10065,60700
10056,10064,10060.0,10049.351626115087,10059.478260869566,5.248010438947062,10045,10063,60800
10056,10065,10060.5,10049.6715784727,10060.40625,5.382606587984269,10045,10064,60900
10048,10065,10056.5,10049.885542838938,10056.5,5.453077597898015,10045,10064,61000
10050,10066,10058.0,10050.123927311048,10058.0,5.546653598393761,10046,10065,61100
10049,10065,10057.0,10050.34409043231,10057.0,5.631161462236983,10046,10064,61200
10050,10066,10058.0,10050.600523331046,10058.0,5.729940866286843,10046,10065,61300
10051,10067,10059.0,10051.081968189394,10059.0,5.819689628647466,10047,10066,61400
10048,10064,10056.0,10051.379991912558,10056.0,5.830998127493027,10047,10063,61500
10051,10067,10059.0,10051.744511077346,10059.0,5.91883390911105,10047,10066,61600
10049,10065,10057.0,10052.037364719145,10057.0,5.958944430321074,10048,10064,61700
10046,10062,10054.0,10052.239429222625,10054.0,5.947384732663409,10047,10061,61800
10049,10065,10057.0,10052.53181232232,10057.0,5.989923080633891,10048,10064,61900
10047,10063,10055.0,10052.730139692187,10055.0,5.9992238820976365,10048,10062,62000
10044,10060,10052.0,10052.858768258013,10052.0,5.951088090907296,10045,10059,62100
10044,10060,10052.0,10052.925416135673,10052.0,5.913734659401095,10045,10059,62200
10047,10063,10055.0,10053.0426178806,10055.0,5.929486315019534,10048,10062,62300
10048,10064,10056.0,10053.2416503284,10056.0,5.934923035731374,10049,10063,62400
10048,10064,10056.0,10053.377715420056,10056.0,5.956982345355422,10049,10063,62500
10047,10064,10055.5,10053.502784285854,10055.5,5.984511754775389,10048,10063,62600
10048,10064,10056.0,10053.616707675717,10056.0,6.018262896007635,10049,10063,62700
10046,10063,10054.5,10053.746537839428,10054.5,6.019203494220215,10047,10062,62800
10047,10063,10055.0,10053.845890844033,10055.0,6.022785379789551,10048,10062,62900
10047,10063,10055.0,10053.957373051662,10055.0,6.014576451357697,10048,10062,63000
10047,10063,10055.0,10054.069513037937,10055.0,5.946914954061155,10048,10062,63100
10044,10060,10052.0,10054.09437506127,10052.0,5.919599866722395,10045,10059,63200
10042,10058,10050.0,10054.099271640036,10050.0,5.891962660917607,10043,10058,63300
10044,10060,10052.0,10054.147667875699,10052.0,5.844268555896106,10045,10059,63400
10043,10059,10051.0,10054.134596608175,10051.0,5.8046153580539155,10044,10058,63500
10040,10056,10048.0,10054.083481031272,10048.0,5.753369845742904,10041,10058,63600
10040,10056,10048.0,10054.030223017351,10048.0,5.714175254859677,10041,10058,63700
10042,10058,10050.0,10054.022543868248,10050.0,5.641844448711131,10043,10058,63800
10043,10059,10051.0,10054.062852661506,10051.0,5.640019731030651,10044,10058,63900
10042,10058,10050.0,10054.0399443682,10050.0,5.538084095911413,10043,10058,64000
10043,10059,10051.0,10054.032810753848,10051.0,5.460093077059755,10044,10058,64100
10042,10058,10050.0,10054.072204440741,10050.0,5.340384251211994,10043,10058,64200
10043,10059,10051.0,10054.131984854426,10051.0,5.2154587243051695,10044,10058,64300
10044,10060,10052.0,10054.202851436134,10052.0,5.145538934302136,10045,10059,64400
10047,10063,10055.0,10054.323526369963,10055.0,5.141164783952311,10048,10062,64500
10046,10062,10054.0,10054.36711278306,10054.0,5.117859037654423,10047,10061,64600
10046,10062,10054.0,10054.42286221939,10054.0,5.080274143585456,10047,10061,64700
10055,10063,10059.0,10054.557261297912,10058.759717314488,5.116891648178808,10050,10062,64800
10045,10061,10053.0,10054.519299333399,10053.0,5.1035978590357445,10046,10060,64900
10044,10060,10052.0,10054.440716841485,10052.0,5.094331218873721,10045,10059,65000
10043,10059,10051.0,10054.340930055876,10051.0,5.092935918983766,10044,10058,65100
10042,10058,10050.0,10054.18144324086,10050.0,5.089576008151436,10043,10058,65200
10043,10059,10051.0,10053.982181403784,10051.0,5.0847392343236715,10044,10058,65300
10042,10058,10050.0,10053.869813008529,10050.0,5.034461185810084,10043,10057,65400
10044,10060,10052.0,10053.717776933634,10052.0,4.98145270890626,10045,10059,65500
10039,10056,10047.5,10053.471626311146,10047.5,4.887901314156781,10040,10056,65600
10039,10055,10047.0,10053.261992941869,10047.0,4.8166866767627425,10040,10056,65700
10037,10045,10041.0,10052.876352318399,10041.46511627907,4.855565065639241,10038,10055,65800
10033,10049,10041.0,10052.483387903147,10041.0,4.875873233608175,10034,10055,65900
10036,10052,10044.0,10052.235758258994,10044.0,4.859641557466173,10037,10055,66000
10040,10047,10043.5,10051.942537986472,10043.76119402985,4.881680131048363,10041,10054,66100
10036,10052,10044.0,10051.68046907166,10044.0,4.895786816848127,10037,10054,66200
10035,10051,10043.0,10051.376043034996,10043.0,4.925829642496319,10036,10054,66300
10038,10054,10046.0,10051.119875012253,10046.0,4.899829845659944,10039,10054,66400
10037,10053,10045.0,10050.901943927067,10045.0,4.885734833396958,10038,10053,66500
10036,10052,10044.0,10050.609950495049,10044.0,4.830800519931074,10037,10053,66600
10036,10052,10044.0,10050.361261150869,10044.0,4.7521142602175015,10037,10053,66700
10036,10052,10044.0,10050.1663400647,10044.0,4.716354067147354,10037,10053,66800
10034,10050,10042.0,10049.861261150869,10042.0,4.7521142602175015,10035,10052,66900
10029,10045,10037.0,10049.483417312029,10037.0,4.875672179106983,10030,10052,67000
10028,10044,10036.0,10049.134156945398,10036.0,5.07177190997709,10029,10053,67100
10026,10042,10034.0,10048.733731496912,10034.0,5.330844230125485,10027,10052,67200
10024,10041,10032.5,10048.232513724144,10032.5,5.642022544296848,10025,10052,67300
10025,10041,10033.0,10047.724800754828,10033.0,5.917202295973111,10026,10051,67400
10025,10041,10033.0,10047.220796245467,10033.0,6.160106895900801,10026,10051,67500
10027,10043,10035.0,10046.774358641309,10035.0,6.354218329531569,10028,10051,67600
10027,10043,10035.0,10046.31849745123,10035.0,6.539635814374418,10028,10051,67700
10029,10045,10037.0,10045.941505979807,10037.0,6.675797181830789,10030,10050,67800
10029,10046,10037.5,10045.567728899128,10037.5,6.793482665380909,10030,10050,67900
10029,10045,10037.0,10045.181635869032,10037.0,6.92032817606965,10030,10050,68000
10030,10046,10038.0,10044.819821831192,10038.0,7.024614669417722,10031,10049,68100
10031,10047,10039.0,10044.541770659738,10039.0,7.109755458808031,10032,10049,68200
10031,10047,10039.0,10044.30426649348,10039.0,7.1913536348356955,10032,10049,68300
10033,10049,10041.0,10044.072752916381,10041.0,7.24452475376751,10034,10049,68400
10033,10049,10041.0,10043.86147755122,10041.0,7.296220248775075,10034,10048,68500
10036,10052,10044.0,10043.777595578864,10044.0,7.313933830414306,10037,10051,68600
10036,10052,10044.0,10043.693313645721,10044.0,7.3334228219342545,10037,10051,68700
10043,10052,10047.5,10043.6430460249,10047.348314606741,7.334639164496461,10038,10051,68800
10036,10052,10044.0,10043.498980247034,10044.0,7.3530934667680095,10037,10051,68900
10036,10052,10044.0,10043.374679198118,10044.0,7.372565369359426,10037,10051,69000
10037,10053,10045.0,10043.035056906185,10045.0,7.380426081746415,10038,10052,69100
10037,10053,10045.0,10042.93303602588,10045.0,7.387628257396511,10037,10052,69200
10040,10056,10048.0,10042.872762229194,10048.0,7.388603496020725,10037,10055,69300
10041,10057,10049.0,10042.812762229194,10049.0,7.388603496020725,10037,10056,69400
10048,10057,10052.5,10042.76077394373,10052.100386100386,7.395681728190028,10037,10056,69500
10038,10054,10046.0,10042.598807077737,10046.0,7.402677048710233,10037,10053,69600
10037,10053,10045.0,10042.416981766493,10045.0,7.409163009432517,10037,10052,69700
10038,10054,10046.0,10042.156192971279,10046.0,7.411964114729341,10037,10053,69800
10037,10053,10045.0,10041.99469360847,10045.0,7.417285613350262,10036,10052,69900
10035,10051,10043.0,10041.81480536222,10043.0,7.416889111596338,10036,10050,70000
10036,10052,10044.0,10041.679968385452,10044.0,7.3985475621111405,10036,10051,70100
10036,10052,10044.0,10041.565667826684,10044.0,7.378247450289409,10036,10051,70200
10037,10053,10045.0,10041.459784187824,10045.0,7.327726049864083,10036,10052,70300
10036,10052,10044.0,10041.365589991177,10044.0,7.234457055329267,10036,10051,70400
10036,10052,10044.0,10041.213166895403,10044.0,7.2068428907882165,10036,10051,70500
10035,10051,10043.0,10041.14441314577,10043.0,7.128840070372333,10036,10050,70600
10033,10049,10041.0,10041.044607048329,10041.0,7.053901315738632,10034,10048,70700
10031,10047,10039.0,10041.009561464563,10039.0,7.035393736176886,10032,10046,70800
10030,10046,10038.0,10040.961116802273,10038.0,6.9920375681188185,10031,10045,70900
10031,10047,10039.0,10040.880218311931,10039.0,6.91977215958124,10032,10046,71000
10031,10047,10039.0,10040.79386893442,10039.0,6.905874942020878,10032,10046,71100
10030,10046,10038.0,10040.681319184394,10038.0,6.877426138830509,10031,10045,71200
10030,10046,10038.0,10040.586202823251,10038.0,6.858713922515986,10031,10045,71300
10031,10047,10039.0,10040.459579747083,10039.0,6.80719531438834,10032,10046,71400
10032,10048,10040.0,10040.381449955887,10040.0,6.722116067654361,10033,10047,71500
10033,10049,10041.0,10040.33402225272,10041.0,6.672716432883035,10034,10048,71600
10032,10048,10040.0,10040.278298892266,10040.0,6.576277573435468,10033,10047,71700
10035,10051,10043.0,10040.279681109696,10043.0,6.490149987338595,10035,10050,71800
10033,10049,10041.0,10040.267962062542,10041.0,6.456485672142766,10034,10048,71900
10032,10048,10040.0,10040.346136947359,10040.0,6.381977307196694,10033,10047,72000
10032,10048,10040.0,10040.437424076072,10040.0,6.3352643941380204,10033,10047,72100
10032,10048,10040.0,10040.560284972062,10040.0,6.323369471290134,10033,10047,72200
10035,10043,10039.0,10040.691544064308,10039.178137651823,6.318127369522093,10035,10045,72300
10034,10050,10042.0,10040.888105970002,10042.0,6.2487642146564895,10035,10049,72400
10032,10048,10040.0,10041.046344181943,10040.0,6.171478616895005,10033,10047,72500
10035,10051,10043.0,10041.229201548867,10043.0,6.073230524766874,10036,10050,72600
10034,10050,10042.0,10041.38979497108,10042.0,5.983332238805843,10035,10049,72700
10035,10051,10043.0,10041.533935643565,10043.0,5.876198002986032,10036,10050,72800
10032,10049,10040.5,10041.61010268601,10040.5,5.803344380562971,10033,10048,72900
10036,10052,10044.0,10041.771594794627,10044.0,5.705054109121243,10037,10051,73000
10036,10052,10044.0,10041.913537643368,10044.0,5.60292384493979,10037,10051,73100
10035,10051,10043.0,10042.015731938045,10043.0,5.497693592746106,10036,10050,73200
10032,10048,10040.0,10042.044918096266,10040.0,5.453544978099485,10033,10047,73300
10032,10048,10040.0,10042.029220615626,10040.0,5.432743730449752,10033,10047,73400
10034,10050,10042.0,10042.061420399961,10042.0,5.373323973889865,10035,10049,73500
10030,10046,10038.0,10041.94560930301,10038.0,5.3527695585433115,10031,10045,73600
10029,10045,10037.0,10041.80136824821,10037.0,5.373579380386775,10030,10045,73700
10030,10046,10038.0,10041.609785070092,10038.0,5.381327022354013,10031,10045,73800
10032,10048,10040.0,10041.536099156945,10040.0,5.350360750525945,10033,10047,73900
10037,10053,10045.0,10041.566838692286,10045.0,5.297274908731897,10037,10052,74000
10036,10052,10044.0,10041.555454906382,10044.0,5.254296956418136,10037,10051,74100
10036,10052,10044.0,10041.54699348103,10044.0,5.196185437762714,10037,10051,74200
10037,10054,10045.5,10041.5049307911,10045.5,5.155830674310642,10037,10053,74300
10040,10056,10048.0,10041.492239486324,10048.0,5.118390545120142,10037,10055,74400
10040,10056,10048.0,10041.41278904029,10048.0,5.063860394006847,10037,10055,74500
10037,10053,10045.0,10041.419423683952,10045.0,4.923500659016843,10038,10052,74600
10037,10053,10045.0,10041.442020292128,10045.0,4.801204387671786,10038,10052,74700
10038,10054,10046.0,10041.463864425055,10046.0,4.679943628448358,10038,10053,74800
10036,10052,10044.0,10041.493930104893,10044.0,4.389400481233008,10037,10051,74900
10036,10052,10044.0,10041.534213410449,10044.0,4.266063078160522,10037,10051,75000
10042,10051,10046.5,10041.598309283403,10046.441558441558,4.178206090734787,10038,10050,75100
10035,10051,10043.0,10041.592241250857,10043.0,4.089516437391698,10036,10050,75200
10034,10050,10042.0,10041.543401725321,10042.0,4.017057542392474,10035,10049,75300
10034,10050,10042.0,10041.51793530046,10042.0,3.9206920679313804,10035,10049,75400
10035,10051,10043.0,10041.509447799237,10043.0,3.8426430101431,10036,10050,75500
10033,10049,10041.0,10041.487907656112,10041.0,3.7140724129766802,10034,10048,75600
10031,10047,10039.0,10041.452087246347,10039.0,3.684339215564646,10032,10046,75700
10031,10047,10039.0,10041.455514361336,10039.0,3.6597788160292755,10032,10046,75800
10030,10046,10038.0,10041.45291049897,10038.0,3.678454345233026,10031,10045,75900
10034,10050,10042.0,10041.51302225272,10042.0,3.6776547681460383,10035,10049,76000
10036,10052,10044.0,10041.61302225272,10044.0,3.6776547681460383,10037,10051,76100
10038,10045,10041.5,10041.683554945594,10041.57877813505,3.6738410589809476,10039,10044,76200
10039,10055,10047.0,10041.859375355358,10047.0,3.7036585371955075,10039,10054,76300
10040,10056,10048.0,10042.032483874129,10048.0,3.75230543778378,10039,10055,76400
10041,10057,10049.0,10042.206136261151,10049.0,3.7965617329446384,10039,10056,76500
10042,10059,10050.5,10042.384068718753,10050.5,3.8793059691741703,10039,10058,76600
10041,10057,10049.0,10042.555547495343,10049.0,3.9366864550118805,10039,10056,76700
10040,10056,10048.0,10042.649550044114,10048.0,3.976575860332988,10039,10055,76800
10040,10056,10048.0,10042.783612194882,10048.0,4.015678517204031,10039,10055,76900
10039,10055,10047.0,10042.919095480835,10047.0,4.045169433474344,10039,10054,77000
10039,10055,10047.0,10043.059747377709,10047.0,4.040926302691736,10040,10054,77100
10037,10053,10045.0,10043.165731791,10045.0,4.001764143863486,10038,10052,77200
10039,10055,10047.0,10043.334908636407,10047.0,3.9409547573613017,10040,10054,77300
10038,10054,10046.0,10043.43145377904,10046.0,3.8288807005286154,10039,10053,77400
10038,10054,10046.0,10043.566805019116,10046.0,3.7218768672484743,10039,10053,77500
10040,10056,10048.0,10043.679656700324,10048.0,3.6298709537487066,10041,10055,77600
10041,10057,10049.0,10043.824506813056,10049.0,3.5945366947080934,10041,10056,77700
10041,10057,10049.0,10043.950087050289,10049.0,3.553448656333824,10041,10056,77800
10041,10057,10049.0,10044.120936378788,10049.0,3.547153204098706,10042,10056,77900
10041,10057,10049.0,10044.221171992942,10049.0,3.5454047876543964,10042,10056,78000
10045,10061,10053.0,10044.391784677971,10053.0,3.6144106459039493,10042,10060,78100
10043,10059,10051.0,10044.547305215174,10051.0,3.6468788733801087,10042,10058,78200
10039,10055,10047.0,10044.68937638467,10047.0,3.6319026138392148,10040,10054,78300
10041,10057,10049.0,10044.868538231547,10049.0,3.6379705769337143,10042,10056,78400
10040,10056,10048.0,10044.986856337613,10048.0,3.6501165257970696,10041,10055,78500
10036,10052,10044.0,10045.108448828547,10044.0,3.6386172290682874,10037,10051,78600
10035,10051,10043.0,10045.228290510733,10043.0,3.6397620603677576,10036,10050,78700
10043,10051,10047.0,10045.406519213802,10046.583999999999,3.652546236584985,10043,10050,78800
10036,10052,10044.0,10045.488918194294,10044.0,3.6352210220600796,10037,10051,78900
10035,10051,10043.0,10045.44876546417,10043.0,3.6363264851815305,10036,10050,79000
10036,10053,10044.5,10045.458700274483,10044.5,3.6367982268756105,10037,10052,79100
10036,10052,10044.0,10045.458925644543,10044.0,3.635167088430429,10037,10051,79200
10038,10054,10046.0,10045.468324036858,10046.0,3.639519655559454,10039,10053,79300
10039,10055,10047.0,10045.449678119792,10047.0,3.629715663851884,10040,10054,79400
10039,10055,10047.0,10045.432773698658,10047.0,3.6072025999381143,10040,10054,79500
10039,10055,10047.0,10045.484984658366,10047.0,3.5169913999054816,10040,10054,79600
10038,10054,10046.0,10045.504984658366,10046.0,3.5169913999054816,10039,10053,79700
10036,10052,10044.0,10045.465241691993,10044.0,3.515067626878223,10037,10051,79800
10034,10050,10042.0,10045.42555460249,10042.0,3.5127242203021387,10035,10049,79900
10036,10052,10044.0,10045.499778600137,10044.0,3.510658494693844,10037,10051,80000
10034,10051,10042.5,10045.41964861288,10042.5,3.5120823005832302,10035,10050,80100
10035,10051,10043.0,10045.419583619252,10043.0,3.512793987116519,10036,10050,80200
10036,10052,10044.0,10045.459583619253,10044.0,3.512793987116519,10037,10051,80300
10039,10055,10047.0,10045.558429026565,10047.0,3.5254129429044534,10040,10054,80400
10040,10056,10048.0,10045.656150426428,10048.0,3.550184974284044,10041,10055,80500
10041,10058,10049.5,10045.82202205666,10049.5,3.594632144856768,10042,10057,80600
10039,10055,10047.0,10045.980870012743,10047.0,3.6069376234839368,10040,10054,80700
10039,10055,10047.0,10046.140762964415,10047.0,3.6080789218805855,10040,10054,80800
10036,10052,10044.0,10046.263961670425,10044.0,3.5738185737552257,10037,10051,80900
10039,10056,10047.5,10046.377157827665,10047.5,3.539254292775044,10040,10055,81000
10039,10056,10047.5,10046.449118468778,10047.5,3.5178832274146514,10040,10055,81100
10037,10053,10045.0,10046.522544015294,10045.0,3.480229708459593,10038,10052,81200
10039,10055,10047.0,10046.52669596118,10047.0,3.4340382017018922,10040,10054,81300
10040,10056,10048.0,10046.5302642388,10048.0,3.393837868389418,10041,10055,81400
10039,10055,10047.0,10046.493302372315,10047.0,3.359230998120762,10040,10054,81500
10035,10051,10043.0,10046.345642142927,10043.0,3.332334098505777,10036,10050,81600
10037,10053,10045.0,10046.267252965396,10045.0,3.3136899558376425,10038,10052,81700
10038,10054,10046.0,10046.22974566219,10046.0,3.2846301490662952,10039,10053,81800
10037,10053,10045.0,10046.170082099794,10045.0,3.280688251030709,10038,10052,81900
10040,10056,10048.0,10046.190438927557,10048.0,3.2765022678257907,10041,10055,82000
10042,10058,10050.0,10046.249878198216,10050.0,3.2830778451388327,10043,10057,82100
10043,10059,10051.0,10046.368139937262,10051.0,3.3033789547038888,10044,10058,82200
10040,10056,10048.0,10046.390158562886,10048.0,3.27979170438528,10041,10055,82300
10038,10054,10046.0,10046.394761641017,10046.0,3.2253605521102156,10039,10053,82400
10039,10055,10047.0,10046.41555175963,10047.0,3.2159248026105165,10040,10054,82500
10037,10054,10045.5,10046.368972208607,10045.5,3.174753671764893,10038,10053,82600
10047,10055,10051.0,10046.405332565435,10050.522388059702,3.2185452347443064,10044,10054,82700
10039,10055,10047.0,10046.36635844525,10047.0,3.2062625588242195,10040,10054,82800
10039,10055,10047.0,10046.326710175472,10047.0,3.2020405096054607,10040,10054,82900
10042,10058,10050.0,10046.347097588472,10050.0,3.197383684397671,10043,10057,83000
10040,10056,10048.0,10046.24655724929,10048.0,3.2038768668204587,10041,10055,83100
10039,10055,10047.0,10046.166564895599,10047.0,3.2037850739582447,10040,10054,83200
10038,10054,10046.0,10046.147367758063,10046.0,3.1941321433223457,10039,10053,83300
10038,10054,10046.0,10046.091359131457,10046.0,3.145703645661929,10039,10053,83400
10039,10055,10047.0,10046.075230712677,10047.0,3.0980054045338474,10040,10054,83500
10042,10058,10050.0,10046.242867562003,10050.0,3.105085304711347,10043,10057,83600
10041,10057,10049.0,10046.366904813254,10049.0,3.022730279614719,10042,10056,83700
10041,10057,10049.0,10046.41247603176,10049.0,2.9052531782619218,10042,10056,83800
10040,10056,10048.0,10046.497291245956,10048.0,2.7997489629367043,10041,10055,83900
10040,10056,10048.0,10046.599989020684,10048.0,2.7388633435184695,10041,10055,84000
10039,10055,10047.0,10046.650045485736,10047.0,2.737574525545093,10040,10054,84100
10039,10055,10047.0,10046.710379570632,10047.0,2.7299365690815427,10040,10054,84200
10040,10057,10048.5,10046.760372512499,10048.5,2.730098155314781,10041,10056,84300
10038,10054,10046.0,10046.740413292813,10046.0,2.7291644139179767,10039,10053,84400
10035,10052,10043.5,10046.670060386235,10043.5,2.737234319604291,10036,10051,84500
10035,10051,10043.0,10046.589507499264,10043.0,2.749829556882164,10036,10050,84600
10036,10052,10044.0,10046.54924321145,10044.0,2.75582992377392,10037,10051,84700
10037,10053,10045.0,10046.569243211448,10045.0,2.7558299237739194,10038,10052,84800
10040,10056,10048.0,10046.688981276346,10048.0,2.761764011789921,10041,10055,84900
10038,10054,10046.0,10046.691458827567,10046.0,2.753196358278237,10039,10053,85000
10037,10053,10045.0,10046.741898490343,10045.0,2.7470475011422733,10038,10052,85100
10030,10046,10038.0,10046.633319331439,10038.0,2.8646474955904684,10031,10048,85200
10030,10046,10038.0,10046.506106313107,10038.0,2.959907572536187,10031,10048,85300
10032,10048,10040.0,10046.363496372904,10040.0,2.9936294808936523,10033,10048,85400
10032,10048,10040.0,10046.20089662778,10040.0,3.0268461908320696,10033,10048,85500
10031,10047,10039.0,10045.985727722773,10039.0,3.0918288989842337,10032,10047,85600
10032,10048,10040.0,10045.844313155572,10040.0,3.1093759505852985,10033,10047,85700
10033,10049,10041.0,10045.727402264485,10041.0,3.070927390822191,10034,10048,85800
10033,10049,10041.0,10045.670501568475,10041.0,3.031861975830401,10034,10048,85900
10034,10050,10042.0,10045.56673076169,10042.0,2.9517822296938037,10035,10049,86000
10032,10048,10040.0,10045.414125919027,10040.0,2.985530245037705,10033,10047,86100
10033,10049,10041.0,10045.33139618665,10041.0,3.0204917245074294,10034,10048,86200
10034,10050,10042.0,10045.231946083717,10042.0,3.0134814556067795,10035,10049,86300
10036,10052,10044.0,10045.151552298794,10044.0,3.018503210402902,10037,10051,86400
10036,10052,10044.0,10045.09157778649,10044.0,3.018178430628947,10037,10051,86500
10034,10050,10042.0,10045.070819527498,10042.0,3.027825730462954,10035,10049,86600
10035,10051,10043.0,10045.032559062836,10043.0,3.005647724419727,10036,10050,86700
10034,10050,10042.0,10044.95205950397,10042.0,3.0120335071918154,10035,10049,86800
10033,10049,10041.0,10044.869882854622,10041.0,3.039700711202492,10034,10048,86900
10035,10051,10043.0,10044.769691696893,10043.0,3.0421184813261357,10036,10050,87000
10034,10050,10042.0,10044.608277129693,10042.0,3.059950606776228,10035,10049,87100
10034,10050,10042.0,10044.389057445347,10042.0,3.076883016487195,10035,10049,87200
10033,10049,10041.0,10044.245684442702,10041.0,3.1089581884527333,10034,10048,87300
10031,10047,10039.0,10044.099098421724,10039.0,3.1706519859916686,10032,10046,87400
10030,10046,10038.0,10043.910032643858,10038.0,3.253661793602752,10031,10045,87500
10032,10048,10040.0,10043.795393098715,10040.0,3.295334503097548,10033,10047,87600
10033,10049,10041.0,10043.593666601315,10041.0,3.310708105228204,10034,10048,87700
10036,10043,10039.5,10043.440785217135,10039.824999999999,3.3362076291751057,10037,10045,87800
10034,10050,10042.0,10043.341800117636,10042.0,3.327248309873686,10035,10049,87900
10033,10049,10041.0,10043.161813449662,10041.0,3.3271304571233418,10034,10048,88000
10033,10049,10041.0,10043.022040094107,10041.0,3.325126321276507,10034,10048,88100
10033,10049,10041.0,10042.910859229487,10041.0,3.2461811999794,10034,10048,88200
10031,10047,10039.0,10042.772079109893,10039.0,3.2351096909197854,10032,10046,88300
10027,10043,10035.0,10042.537620527399,10035.0,3.3639916118725024,10028,10044,88400
10025,10041,10033.0,10042.239089010882,10033.0,3.522290273627239,10026,10044,88500
10027,10043,10035.0,10041.92684854426,10035.0,3.6230589589431794,10028,10043,88600
10028,10044,10036.0,10041.655556318008,10036.0,3.713597288756088,10029,10043,88700
10030,10046,10038.0,10041.429448583473,10038.0,3.76165965036235,10031,10045,88800
10029,10045,10037.0,10041.202532594845,10037.0,3.8153513842984457,10030,10044,88900
10031,10047,10039.0,10041.018358004118,10039.0,3.8473978668763267,10032,10046,89000
10029,10046,10037.5,10040.821547838446,10037.5,3.899111222655061,10030,10045,89100
10028,10044,10036.0,10040.591221350849,10036.0,3.976243047607835,10029,10043,89200
10029,10045,10037.0,10040.353487109107,10037.0,4.0330465122757255,10030,10044,89300
10029,10045,10037.0,10040.166812763455,10037.0,4.081430231912199,10030,10044,89400
10031,10047,10039.0,10040.075146260171,10039.0,4.093421837889123,10032,10046,89500
10028,10044,10036.0,10039.927648661895,10036.0,4.146943155570827,10029,10043,89600
10028,10044,10036.0,10039.760554357415,10036.0,4.196957179167814,10029,10043,89700
10029,10045,10037.0,10039.595049897069,10037.0,4.235356106502423,10030,10044,89800
10029,10045,10037.0,10039.441869718656,10037.0,4.279919853176317,10030,10044,89900
10038,10047,10042.5,10039.371992696795,10042.548387096775,4.278814566294735,10036,10046,90000
10034,10050,10042.0,10039.311890746005,10042.0,4.279730886531449,10035,10049,90100
10036,10052,10044.0,10039.431869718655,10044.0,4.279919853176317,10036,10051,90200
10033,10049,10041.0,10039.49125546515,10041.0,4.285436292747122,10034,10048,90300
10033,10049,10041.0,10039.510739339281,10041.0,4.290065991240133,10034,10048,90400
10034,10050,10042.0,10039.552504362318,10042.0,4.274212817157367,10035,10049,90500
10034,10041,10037.5,10039.521688118812,10037.852517985611,4.281551490793592,10035,10042,90600
10033,10049,10041.0,10039.546703460446,10041.0,4.236258686396847,10034,10048,90700
10033,10049,10041.0,10039.548423880013,10041.0,4.220609871973812,10034,10048,90800
10038,10054,10046.0,10039.649363101656,10046.0,4.2120422448690515,10036,10053,90900
10037,10053,10045.0,10039.708938731497,10045.0,4.215915527024558,10036,10052,91000
10036,10052,10044.0,10039.791561415548,10044.0,4.191920658127826,10036,10051,91100
10037,10053,10045.0,10039.873775659249,10045.0,4.171555149516109,10036,10052,91200
10035,10051,10043.0,10039.894400107833,10043.0,4.165793784986654,10036,10050,91300
10036,10052,10044.0,10039.896514312322,10044.0,4.146228014043225,10036,10051,91400
10038,10054,10046.0,10039.938708803058,10046.0,4.125821101881291,10036,10053,91500
10040,10056,10048.0,10040.057481570435,10048.0,4.13724573530348,10037,10055,91600
10039,10055,10047.0,10040.13517238506,10047.0,4.1586574658703706,10037,10054,91700
10037,10053,10045.0,10040.19517238506,10045.0,4.1586574658703706,10037,10052,91800
10037,10053,10045.0,10040.27587457112,10045.0,4.152158186547936,10037,10052,91900
10038,10054,10046.0,10040.33517238506,10046.0,4.1586574658703706,10037,10053,92000
10039,10055,10047.0,10040.436389422606,10047.0,4.147386363207678,10037,10054,92100
10035,10051,10043.0,10040.463178070777,10043.0,4.083945388983787,10036,10050,92200
10033,10049,10041.0,10040.471805656309,10041.0,4.001868253048,10034,10048,92300
10034,10050,10042.0,10040.535559994118,10042.0,3.965621552619233,10035,10049,92400
10033,10049,10041.0,10040.596828007057,10041.0,3.953304294091487,10034,10048,92500
10032,10048,10040.0,10040.598710273502,10040.0,3.9349491883866543,10033,10047,92600
10033,10049,10041.0,10040.599696647387,10041.0,3.9252961927682204,10034,10048,92700
10033,10049,10041.0,10040.63915258308,10041.0,3.83152326526941,10034,10048,92800
10029,10045,10037.0,10040.538566366042,10037.0,3.8374033083028265,10030,10044,92900
10030,10046,10038.0,10040.479415106362,10038.0,3.8288871011931094,10031,10045,93000
10030,10046,10038.0,10040.425501568474,10038.0,3.767251921558502,10031,10045,93100
10028,10044,10036.0,10040.325776835605,10036.0,3.7644405488490635,10029,10043,93200
10027,10034,10030.5,10040.142950151947,10030.883561643835,3.893286608965118,10028,10043,93300
10027,10043,10035.0,10040.139739976474,10035.0,3.924871615020383,10028,10043,93400
10026,10042,10034.0,10040.155045142634,10034.0,3.9706118242651494,10027,10043,93500
10026,10042,10034.0,10040.132046515047,10034.0,3.9995527149194645,10027,10043,93600
10026,10042,10034.0,10040.09512542888,10034.0,3.9698340511768184,10027,10043,93700
10026,10042,10034.0,10040.016673806489,10034.0,3.954804220676418,10027,10043,93800
10024,10040,10032.0,10039.91474566219,10032.0,3.9735116982532306,10025,10042,93900
10022,10038,10030.0,10039.726556465053,10030.0,4.052003634932251,10023,10042,94000
10021,10037,10029.0,10039.546362660523,10029.0,4.147634538797357,10022,10042,94100
10023,10039,10031.0,10039.440551465543,10031.0,4.201176890581294,10024,10042,94200
10024,10040,10032.0,10039.337626752278,10032.0,4.227867690608732,10025,10042,94300
10026,10042,10034.0,10039.281876825802,10034.0,4.189025719283184,10027,10042,94400
10028,10044,10036.0,10039.224476570926,10036.0,4.165087764109778,10029,10043,94500
10030,10046,10038.0,10039.265661111656,10038.0,4.154134995994307,10031,10045,94600
10028,10044,10036.0,10039.265027742378,10036.0,4.159994985405649,10029,10043,94700
10030,10046,10038.0,10039.28690108813,10038.0,4.1426386228269205,10031,10045,94800
10030,10046,10038.0,10039.310103617294,10038.0,4.112797875184405,10031,10045,94900
10027,10043,10035.0,10039.166382511517,10035.0,4.05365446215863,10028,10042,95000
10031,10047,10039.0,10039.111743848642,10039.0,4.002462235998371,10032,10046,95100
10027,10043,10035.0,10038.933183903539,10035.0,3.9886000673181177,10028,10042,95200
10028,10044,10036.0,10038.911974120185,10036.0,4.000404351682844,10029,10043,95300
10030,10046,10038.0,10038.851974120184,10038.0,4.000404351682844,10031,10045,95400
10030,10046,10038.0,10038.771859621605,10038.0,4.002192811357841,10031,10045,95500
10029,10045,10037.0,10038.761462013528,10037.0,4.008397224451354,10030,10044,95600
10030,10046,10038.0,10038.70133261445,10038.0,4.010414341910887,10031,10045,95700
10030,10046,10038.0,10038.641236937556,10038.0,4.011905134173451,10031,10045,95800
10032,10048,10040.0,10038.521429075581,10040.0,4.008910768824473,10033,10047,95900
10039,10048,10043.5,10038.490258602098,10043.270700636942,4.027117422893305,10035,10047,96000
10032,10048,10040.0,10038.410798157045,10040.0,4.018734921535832,10033,10047,96100
10032,10048,10040.0,10038.310798157045,10040.0,4.018734921535832,10033,10047,96200
10033,10049,10041.0,10038.270798157044,10041.0,4.018734921535832,10034,10048,96300
10034,10050,10042.0,10038.230798157045,10042.0,4.018734921535832,10035,10049,96400
10035,10051,10043.0,10038.17146632683,10043.0,4.008329969720824,10035,10050,96500
10033,10049,10041.0,10038.03300499951,10041.0,3.984265937568489,10034,10048,96600
10035,10051,10043.0,10037.952490540143,10043.0,3.9923279527250264,10034,10050,96700
10033,10049,10041.0,10037.873362611508,10041.0,3.978652229262511,10034,10048,96800
10031,10047,10039.0,10037.753969610822,10039.0,3.9691055223049245,10032,10046,96900
10030,10046,10038.0,10037.594115478874,10038.0,3.9668079283817725,10031,10045,97000
10031,10047,10039.0,10037.435282423292,10039.0,3.9483790456997325,10032,10046,97100
10035,10051,10043.0,10037.434750710714,10043.0,3.9567867216556567,10034,10050,97200
10034,10050,10042.0,10037.454750710715,10042.0,3.9567867216556567,10034,10049,97300
10032,10048,10040.0,10037.41496559161,10040.0,3.9533910822124305,10033,10047,97400
10030,10046,10038.0,10037.354865209292,10038.0,3.954977729184979,10031,10045,97500
10026,10042,10034.0,10037.232895206353,10034.0,3.9859878582304034,10027,10041,97600
10026,10042,10034.0,10037.0909377512,10034.0,4.016563344439144,10027,10041,97700
10027,10043,10035.0,10036.969987256152,10035.0,4.031326454292716,10028,10042,97800
10025,10041,10033.0,10036.887219292226,10033.0,4.0740138035748545,10026,10040,97900
10026,10042,10034.0,10036.80612136065,10034.0,4.090822645707758,10027,10041,98000
10024,10040,10032.0,10036.682867562004,10032.0,4.140236074130842,10025,10039,98100
10022,10038,10030.0,10036.557320654838,10030.0,4.2231407915531145,10023,10039,98200
10022,10039,10030.5,10036.552618762867,10030.5,4.292162000868768,10023,10039,98300
10022,10038,10030.0,10036.446944025096,10030.0,4.374013816056443,10023,10039,98400
10021,10037,10029.0,10036.340855210274,10029.0,4.4601680143030675,10022,10039,98500
10020,10036,10028.0,10036.214636212135,10028.0,4.546479240356416,10021,10039,98600
10016,10032,10024.0,10035.99934986766,10024.0,4.751975014927565,10017,10038,98700
10018,10034,10026.0,10035.827994118225,10026.0,4.899054523276614,10019,10038,98800
10017,10033,10025.0,10035.67449583374,10025.0,5.068335109508472,10018,10039,98900
10013,10029,10021.0,10035.471909812764,10021.0,5.339594872700379,10014,10039,99000
10011,10027,10019.0,10035.244241937065,10019.0,5.654180565464441,10012,10039,99100
10010,10026,10018.0,10034.954008430546,10018.0,5.979042246191851,10011,10038,99200
10010,10026,10018.0,10034.64449132438,10018.0,6.280014685691798,10011,10039,99300
10009,10025,10017.0,10034.27229055975,10017.0,6.592698994446013,10010,10039,99400
10010,10026,10018.0,10033.883785903343,10018.0,6.85760614807739,10011,10038,99500
10011,10027,10019.0,10033.479145181844,10019.0,7.07861937593662,10012,10038,99600
10009,10025,10017.0,10033.068792863445,10017.0,7.341722690854304,10010,10038,99700
10008,10024,10016.0,10032.59587060092,10016.0,7.616834965050458,10009,10038,99800
10009,10025,10017.0,10032.146744044701,10017.0,7.852196788944642,10010,10038,99900
